1gvu,9.00
1bxo,10.00
1gvw,6.96
1gvx,7.22
1kzk,10.39
1jet,7.25
1jeu,6.82
1qft,8.77
1jev,6.89
1fcy,8.52
1flm,9.37
1hyo,4.07
1jr0,4.92
5p21,5.32
1gyx,2.48
1gyy,3.64
1c5s,6.00
1c1r,7.63
1c5t,4.10
1gi4,7.19
1kug,3.80
1fcz,9.22
1fd0,8.40
1gi2,5.44
1ghz,4.80
2ctc,3.89
1hmr,6.55
1hms,6.37
1hmt,5.79
2olb,5.54
1f8d,3.40
1f8e,4.82
1bxq,7.38
1c5p,4.68
1c5q,6.36
1vwl,5.63
1kuk,3.91
1fcx,7.19
2izl,6.00
8abp,4.00
1gi6,5.77
2sns,6.70
1b8o,10.64
1c5n,4.70
1hn4,5.30
1gj6,6.49
1gj7,8.05
1kll,5.20
1kui,3.77
1loq,3.70
1df8,9.70
1qq9,2.06
1gja,5.42
1moq,3.46
1akr,9.09
1gzc,3.28
1nox,7.05
2tmn,5.89
5tmn,8.04
6tmn,5.05
1adl,5.36
1cil,9.43
2sim,3.42
2dri,6.88
2aac,2.22
16pk,5.22
2qwc,3.55
830c,9.28
1f74,3.05
1jkx,4.70
1g7q,6.06
1gi5,5.60
1iup,2.54
1j16,3.84
1lor,11.06
1c5c,6.96
1gny,4.14
1ciz,7.44
1gj8,6.96
1snc,6.70
1sri,6.08
1lcp,6.64
1qk3,5.15
3std,11.11
1c2d,8.28
1ghx,5.40
6abp,5.64
7abp,5.54
1anf,5.46
4dfr,8.62
3ptb,4.50
4tmn,10.17
3tmn,5.90
1fkf,9.40
1fkb,9.70
1gca,6.70
1l83,3.40
1pip,5.00
1ppl,8.55
1ppm,5.80
1abe,6.52
1mfa,5.04
1thl,6.25
3mbp,6.80
1afk,6.62
1afl,6.28
4mbp,5.64
1hfs,8.70
1clu,8.27
1qhc,7.57
1duv,11.80
1e2k,4.94
1fzq,7.62
1f2o,1.91
1f8c,7.40
1fzk,8.40
1h6h,5.30
1fv0,5.93
1gz9,3.57
1h0a,5.44
1h4w,4.66
1k4g,5.85
1kdk,9.05
1lgt,6.10
2xis,5.82
1fh9,6.43
1gj5,5.26
1gjc,8.10
3cla,4.94
1bap,6.85
1elc,6.66
1hew,6.00
1mtr,8.40
1akw,8.59
1b32,7.10
1b4z,5.23
1b6l,8.30
1c1u,8.25
1d4l,8.77
1f4g,6.48
1f57,5.64
1g2o,10.55
1ikt,3.40
1gi8,5.64
1gjd,5.22
1apb,5.82
1slg,3.90
1sre,3.85
1gi7,4.51
5er2,6.57
2rnt,3.78
4sga,3.27
5sga,2.85
7est,7.60
5abp,6.64
2gst,6.09
6rnt,2.37
1apv,9.00
1apw,8.00
1dhj,6.55
1ela,6.35
1hvi,10.92
1hvk,10.96
1hvl,9.95
1ppc,6.16
1ppk,7.66
1srg,5.30
1tng,2.93
1tnh,3.37
1tnj,1.96
1tnk,1.49
1apt,9.40
1apu,7.49
1atl,6.28
1bma,4.59
1eld,6.70
1ele,6.85
1hvr,9.51
1gdo,4.82
1lkl,5.81
1pot,5.49
1pro,11.30
1rdi,2.06
1rdj,1.66
1rdn,1.84
1str,4.77
1ag9,9.00
1hyx,7.72
1qbr,10.57
1qbu,10.24
1qbs,9.47
1tom,8.30
2rkm,3.90
1a4w,5.92
1akt,8.49
1azl,8.62
1at6,4.07
1b1h,7.03
1b6h,7.82
1bhf,4.38
1bwb,7.42
1hvh,7.96
1hxw,10.82
1mem,7.94
1b3f,6.89
1swg,7.36
1usn,7.74
2qwg,8.40
3mag,4.07
1caq,7.72
1bkj,6.77
1evh,3.22
1hwr,8.33
1m6p,5.10
1qbv,5.39
1b46,5.28
1b51,7.37
1b58,6.59
1b5j,7.43
1b9j,5.96
1qka,5.92
1qkb,7.35
1rpj,6.48
3kiv,4.70
6std,8.64
1c83,4.85
1c88,5.29
1e4h,8.41
1e5a,7.64
1ejn,5.62
1f0t,6.00
1f7b,4.60
1fao,7.37
1g52,9.54
1qb1,6.77
1qb6,6.06
1qb9,7.44
1qbn,5.85
1qbo,7.74
1f2p,1.90
1f5k,3.74
1f8b,5.40
1fzm,7.70
1fzo,7.89
1g35,8.14
1g3b,5.74
1g3d,5.55
1g3e,5.38
1g7f,5.47
1hi3,4.19
1hi4,4.49
1hi5,4.04
1hn2,6.00
1j4r,7.72
1gi9,5.96
1gj9,7.96
1jcx,5.15
1jq9,8.45
1k4h,5.11
1kpm,5.80
1l8b,6.85
1lf2,7.52
1m21,6.52
1gj4,4.22
5a3h,4.57
1fh7,5.24
1g45,8.64
1f8a,5.00
1g46,8.89
1g4j,8.70
1flr,7.00
1a7t,1.64
1vwn,5.82
1d7j,3.30
1yej,7.46
1b6j,7.92
1b6k,8.74
1b6m,8.40
1b6n,8.40
1b6o,9.22
1d4k,9.22
1f3e,6.70
1f3f,4.67
1e1x,5.89
1ex8,6.33
1ghv,4.35
1ghy,8.10
1lgw,4.00
1li3,4.25
1g48,8.41
1g54,8.82
1i9n,8.66
1k21,8.38
1rgk,4.31
1hsl,7.20
1rnb,4.10
1epp,7.16
3tpi,4.30
1rnt,5.18
1tmn,7.47
2gbp,7.40
8xia,2.95
1abf,5.42
1bcd,8.70
3gst,6.72
3fx2,9.30
7tim,5.40
1dhi,7.26
1ent,6.96
1epq,8.19
1erb,7.05
1pph,5.92
1tni,4.00
1tnl,1.88
2drc,9.89
1mdq,5.10
1cnx,7.37
1hpv,9.22
1lan,7.22
1ydb,8.24
2ak3,3.86
1hsh,8.61
1kel,7.28
1mai,6.68
1mmq,7.52
1rdm,2.24
1sle,6.17
2h4n,8.70
1ax0,3.13
1b2h,4.54
1b4h,5.46
1b5h,6.01
1bwa,7.60
1mes,7.70
1met,9.40
1meu,6.10
2qwf,5.67
1ce5,4.74
2bza,2.80
1czk,8.82
1czr,9.00
1d7i,3.60
1dg9,2.74
1qk4,4.21
1b5i,7.05
1swr,6.92
1yei,7.46
2bpv,7.67
2bpy,7.40
966c,9.89
1c5o,3.49
1dy4,4.36
1f0u,7.16
1f4e,2.96
1fhd,6.82
1fkn,8.80
1fwu,3.70
1fzj,8.10
1g98,5.70
1gcz,5.13
1jd5,6.62
1ez9,5.10
1gjb,6.35
1gui,6.28
1is0,7.00
1izh,7.70
1koj,6.70
1lee,7.74
1los,7.19
1lrh,6.82
1vwf,5.54
1fjs,9.96
1i9p,8.41
1k22,8.40
1inc,9.33
1wdn,6.30
1g53,9.04
1if8,9.64
1l2s,4.59
1fkh,8.15
1gaf,8.00
1sts,5.00
1ax1,3.29
1ax2,3.99
1axz,3.20
1sm3,4.62
5std,10.49
1ecv,4.85
1f73,2.39
1fh8,6.89
1e1v,4.92
1g2k,7.96
1m48,5.09
1gar,10.00
3pcg,2.30
1g4o,8.25
9abp,8.00
1d4y,11.10
3pcc,3.62
4tmk,7.70
5tmp,7.47
1c1v,7.64
1if7,10.52
4er1,6.62
2er6,7.22
3er3,7.10
4er2,9.30
6cpa,11.52
1eed,4.90
1epo,7.96
7cpa,13.96
3cpa,4.00
5er1,6.02
1rbp,6.72
5hvp,7.70
2ifb,5.44
4cla,5.47
1drf,7.44
1hiv,9.00
1rgl,4.43
1cbx,6.35
1fkg,8.00
1hvj,11.40
1wht,3.70
8cpa,9.15
1htg,9.68
1mfe,5.31
5cna,2.00
1bzm,6.03
1cnw,7.72
1drk,6.82
1pso,10.34
1btn,4.40
1hpx,9.30
1hsg,9.42
1zsb,0.60
1ajv,7.72
1ajx,7.91
1avn,3.90
1dmp,9.55
1h4n,4.92
7upj,8.49
1a09,6.70
1a30,4.30
1b3h,6.21
1b7h,8.02
1b38,6.60
1bcu,5.00
1bm7,7.52
1bv7,9.30
1bv9,8.96
1b05,7.12
1b3g,6.70
1b3l,5.89
2qwb,2.74
2qwd,4.85
2qwe,7.48
1a94,7.86
1bky,3.84
3mct,4.07
1b8y,7.85
1ody,8.10
1pme,9.40
1qf1,7.32
1qin,8.00
1qjb,6.38
1swk,12.00
1swp,11.00
3tmk,6.87
1b6p,8.52
1d6w,5.96
1c7f,9.52
1d6v,6.17
1e55,4.12
1egh,5.70
1f4f,4.62
1e3v,4.34
1f9g,1.28
1i80,6.41
1g37,10.00
1ik4,7.41
1k1n,6.82
1h1h,5.22
1h1s,8.22
1it6,8.39
1j01,6.47
1j17,5.22
1jq8,6.00
1jyq,8.70
1k6v,6.92
1li2,4.04
1m0q,2.96
1alw,6.52
1xuf,7.05
1d3d,9.09
1g1d,9.44
1ajq,4.31
3pch,5.40
1lbf,7.85
1laf,7.85
1lag,6.30
1lah,7.52
3pce,2.00
1qf2,5.92
1d4p,6.30
1ebg,10.82
2tpi,4.31
5apr,7.77
1cim,8.82
1cin,8.73
1elb,7.15
1mfd,5.31
1smf,6.92
1mfc,5.31
1yda,6.55
1ydd,7.07
1mnc,9.00
1cea,4.96
1ceb,6.00
1aj7,3.87
1okl,6.03
1qbt,10.62
1a69,5.30
1b39,6.92
1bcj,3.70
1ohr,8.70
4rsk,4.32
1bn1,9.34
1bn4,9.31
1bzh,6.77
1d5r,1.82
3amv,7.97
7kme,4.40
1c4u,10.37
1c4v,10.80
1c87,4.20
1d09,7.57
1d3p,7.39
1f0r,7.66
1f0s,7.74
1qi0,2.35
1e66,9.89
1f5l,5.28
1fdq,7.27
1fm9,9.00
1hp0,6.70
1gpk,5.37
1h1p,4.92
1ksn,9.40
1m4h,9.52
3pcj,7.22
3pck,6.70
1qji,4.85
1jqy,4.92
1vfn,5.60
3pcf,6.05
1bnt,9.80
1bnu,9.70
4std,10.33
1ylv,2.70
1h22,9.10
1h23,8.35
1izi,6.59
1l7s,9.52
3pcb,2.40
2er9,7.40
6tim,3.21
8gpb,3.30
5enl,3.80
6enl,3.00
9aat,8.22
1bra,1.82
1fki,7.00
2cht,5.52
1htf,8.09
1tmt,6.24
2cgr,7.27
1etr,7.41
1ctt,4.52
1hih,8.05
1ppi,5.01
1qca,5.27
1tsy,4.96
1jlx,5.55
1ydr,5.52
1yds,5.92
1a07,6.40
1a08,5.62
1a1b,6.40
1a1e,6.00
1a99,5.70
1awi,4.05
2usn,6.51
1fmo,8.64
1b42,4.01
1bn3,9.89
1byt,4.30
1ct8,6.52
1qf0,7.38
1b40,7.28
1swn,12.00
2pcp,8.70
1d1p,3.60
1ezq,9.05
1fch,7.15
1e2n,4.51
1efy,8.22
1fwv,3.72
1g7g,6.60
1iih,2.89
1k1i,6.58
1k1j,7.55
1k1m,7.40
1k6c,7.48
1k6p,7.36
1kc7,5.52
1m0n,2.22
1m83,3.40
1n4k,10.05
1cps,6.66
2pk4,4.32
1hvs,10.30
1jaq,4.48
1a42,9.89
1bnw,9.08
1bzj,4.66
1eoc,6.05
1k6t,7.62
1m1b,4.66
1sln,6.64
1jqd,5.16
4tln,3.72
5tln,6.37
1tlp,7.56
4hvp,6.11
1dhf,7.40
4xia,1.54
1hos,8.55
2xim,2.28
1ets,8.22
1hps,9.22
1sbg,7.74
1tet,6.08
1tkb,6.10
1cny,7.85
1ctu,11.92
1fpc,7.00
1hbv,6.37
1hii,7.28
1dud,4.82
1igb,6.40
1mmp,6.07
1mmr,5.40
1nje,3.80
1sld,6.57
1tcx,6.95
1af2,3.10
1fsa,7.08
1rbo,10.55
1ydt,7.32
2mas,4.52
5upj,7.12
1a9m,6.92
1aj6,5.92
1bhx,6.84
1br6,3.22
1stc,8.10
2amv,8.80
2pri,2.91
11gs,5.82
1a0q,7.57
1a50,6.70
1bnn,10.00
1b52,7.12
1upf,4.60
1xka,6.88
1d9i,9.11
1c86,4.70
1f4x,5.59
1qiw,7.74
1i7z,6.40
1gu3,4.32
1kzn,8.92
1ajp,2.23
1cla,5.28
6upj,6.32
1ai4,2.50
1bzc,4.92
1c84,5.00
1dl7,6.49
1gpn,6.48
1kav,5.82
1ai5,3.72
1ajn,2.63
4tim,2.16
1gpy,4.70
7hvp,9.62
1add,6.74
1agm,12.00
1bll,6.70
1adb,8.40
1dar,4.96
1fkw,5.05
1fkx,2.22
1jao,5.92
1tcw,6.02
1okn,8.64
1uio,4.35
2adm,5.70
2jxr,7.05
1a1c,6.40
1a4k,8.00
1bp0,5.40
1lox,5.52
3jdw,3.60
3pcn,3.66
1b55,7.40
1bai,7.70
1bnq,9.49
1bnv,8.77
1ork,8.81
1qbq,8.30
1qsc,3.68
456c,9.77
1dqx,11.05
1e2l,4.29
1e96,5.22
1fpu,7.43
1fq5,8.40
1qan,4.48
1qpb,1.36
1g7v,6.40
1j14,4.49
1kts,8.35
1kyv,5.92
1m0o,2.31
1m5j,3.52
1bjr,7.68
1jlr,3.33
4ts1,4.94
5xia,2.60
8atc,7.57
2ypi,4.82
4apr,6.70
6apr,7.77
9icd,3.90
5icd,5.29
8icd,3.02
1fbp,4.82
1igj,10.00
1ivp,7.52
1trd,5.40
8hvp,9.00
1xli,1.48
1aaq,8.40
1ett,5.89
1lyb,11.42
1siv,8.08
1drj,7.40
1pgp,5.70
1grp,3.72
1nja,6.31
1njc,5.55
1njd,5.57
1pbk,9.05
2csn,4.41
1ai7,4.09
1hpo,9.22
1uvt,7.64
1vot,6.60
3aid,6.86
1bdq,6.96
1bq4,5.22
1br5,2.70
1jmf,5.77
1jmg,6.07
1jmi,6.06
1tsl,6.15
1bgq,8.57
1byk,5.00
1d4s,9.00
2ans,5.92
2fgi,7.34
1c6y,9.51
1c70,10.30
1eix,11.06
1e2p,4.57
1jzs,6.60
1k1l,6.90
1jwt,7.85
1kf0,2.55
1kv1,5.94
